Target page,Incoming links,Linking sites
https://kafemashini.ch/,105,15
http://kafemashini.ch/wp-content/uploads/2018/01/Saeco_Minuto_HD8761_HD8764_RUS.pdf,10,4
https://kafemashini.ch/kafe-mashini/saeco,5,4
https://kafemashini.ch/produkti,4,1
http://kafemashini.ch/wp-content/uploads/2018/01/Delonghi_EAM_3400_RUS-1.pdf,3,2
http://kafemashini.ch/wp-content/uploads/2018/01/Delonghi_ECAM_23.450_RUS.pdf,3,3
http://kafemashini.ch/wp-content/uploads/2018/01/Saeco_Incanto_Sirius_RUS.pdf,1,1
http://kafemashini.ch/wp-content/uploads/2018/01/Saeco_Odea_Giro_RUS.pdf,1,1
https://kafemashini.ch/kafe-mashini/bosch,1,1
https://kafemashini.ch/kafe-mashini/gaggia,1,1
https://kafemashini.ch/kafe-mashini/koenig,1,1
https://kafemashini.ch/kafe-mashini/krups,1,1
https://kafemashini.ch/kafe-mashini/rotel,1,1
https://kafemashini.ch/kafe-mashini/satrap,1,1
https://kafemashini.ch/kafe-mashini/siemens,1,1
https://kafemashini.ch/kafe-mashini/turmix,1,1
https://kafemashini.ch/produkt/saeco-odea-giro-plus,1,1
https://kafemashini.ch/produkt/saeco-odea-go,1,1
https://kafemashini.ch/produkt/saeco-talea-giro,1,1