URL,Item name,Last crawled
https://kafemashini.ch/produkt/saeco-incanto-s-class-rondo,SAECO INCANTO S-CLASS RONDO,2026-03-14
https://kafemashini.ch/produkt/saeco-xsmall,01.SAECO XSMALL,2026-03-11
https://kafemashini.ch/produkt/saeco-incanto-s-class-classic,SAECO INCANTO S-CLASS CLASSIC,2026-03-11
https://kafemashini.ch/produkt/saeco-primea-cappuccino-touch,SAECO PRIMEA CAPPUCCINO TOUCH,2026-03-09
https://kafemashini.ch/produkti,02.SAECO Odea Giro,2026-03-08
https://kafemashini.ch/produkti,DeLonghi Magnifica Esam 3300,2026-03-08
https://kafemashini.ch/produkti,Delonghi ESAM 4400,2026-03-08
https://kafemashini.ch/produkti,Gaggia Accademia,2026-03-08
https://kafemashini.ch/produkti,SAECO INCANTO CLASSIC,2026-03-08
https://kafemashini.ch/produkti,SAECO INTELIA,2026-03-08
https://kafemashini.ch/produkti,SAECO Minuto Cappuccino HD8763,2026-03-08
https://kafemashini.ch/produkti,SAECO ODEA GO BLACK EDITION,2026-03-08
https://kafemashini.ch/produkti,SAECO SYNTIA,2026-03-08
https://kafemashini.ch/produkt/siemens-surpresso-s40,SIEMENS Surpresso S40,2026-03-07
https://kafemashini.ch/produkt/gaggia-titanium,Gaggia Titanium,2026-03-07
https://kafemashini.ch/produkt/saeco-idea,SAECO IDEA,2026-03-05
https://kafemashini.ch/kafe-mashini/saeco/page/2,04.SAECO Intuita,2026-03-04
https://kafemashini.ch/kafe-mashini/saeco/page/2,SAECO INCANTO DIGITAL,2026-03-04
https://kafemashini.ch/kafe-mashini/saeco/page/2,SAECO INCANTO SIRIUS,2026-03-04
https://kafemashini.ch/kafe-mashini/saeco/page/2,SAECO INTELIA EVO,2026-03-04
https://kafemashini.ch/kafe-mashini/saeco/page/2,SAECO MAGIC,2026-03-04
https://kafemashini.ch/kafe-mashini/saeco/page/2,SAECO Minuto HD8760,2026-03-04
https://kafemashini.ch/kafe-mashini/saeco/page/2,SAECO Moltio,2026-03-04
https://kafemashini.ch/kafe-mashini/saeco/page/2,SAECO Odea Giro Plus,2026-03-04
https://kafemashini.ch/kafe-mashini/saeco/page/2,SAECO PRIMEA CAPPUCCINO TOUCH,2026-03-04
https://kafemashini.ch/kafe-mashini/saeco/page/3,SAECO PRIMEA RING PLUS,2026-03-04
https://kafemashini.ch/kafe-mashini/saeco/page/3,SAECO ROYAL DIGITAL PLUS,2026-03-04
https://kafemashini.ch/kafe-mashini/saeco/page/3,SAECO ROYAL GRAN CREMA,2026-03-04
https://kafemashini.ch/kafe-mashini/saeco/page/3,SAECO ROYAL OFFICE,2026-03-04
https://kafemashini.ch/kafe-mashini/saeco/page/3,SAECO Royal digital,2026-03-04
https://kafemashini.ch/kafe-mashini/saeco/page/3,SAECO TALEA RING,2026-03-04
https://kafemashini.ch/kafe-mashini/saeco/page/3,SAECO Talea Giro,2026-03-04
https://kafemashini.ch/kafe-mashini/saeco/page/3,SAECO Talea Touch,2026-03-04
https://kafemashini.ch/kafe-mashini/saeco/page/3,SAECO Xelsis,2026-03-04
https://kafemashini.ch/produkt/fust-primotecq,FUST PRIMOTECQ,2026-03-04
https://kafemashini.ch/kafe-mashini/saeco,01.SAECO XSMALL,2026-03-04
https://kafemashini.ch/kafe-mashini/saeco,02.SAECO Odea Giro,2026-03-04
https://kafemashini.ch/kafe-mashini/saeco,03.SAECO ODEA GO,2026-03-04
https://kafemashini.ch/kafe-mashini/saeco,SAECO INCANTO CLASSIC,2026-03-04
https://kafemashini.ch/kafe-mashini/saeco,SAECO INTELIA,2026-03-04
https://kafemashini.ch/kafe-mashini/saeco,SAECO Minuto,2026-03-04
https://kafemashini.ch/kafe-mashini/saeco,SAECO Minuto Cappuccino HD8763,2026-03-04
https://kafemashini.ch/kafe-mashini/saeco,SAECO ODEA GO BLACK EDITION,2026-03-04
https://kafemashini.ch/kafe-mashini/saeco,SAECO SYNTIA,2026-03-04
https://kafemashini.ch/kafe-mashini/krups,KRUPS XP 7240,2026-03-03
https://kafemashini.ch/produkt/solis-palazzo,SOLIS PALAZZO,2026-03-01
https://kafemashini.ch/kafe-mashini/turmix,TURMIX Just Touch,2026-02-25
https://kafemashini.ch/kafe-mashini/turmix,TURMIX TX 550,2026-02-25
https://kafemashini.ch/kafe-mashini/turmix,TURMIX TX 650,2026-02-25
https://kafemashini.ch/produkt/satrap-excelento,SATRAP EXCELENTO,2026-02-20
https://kafemashini.ch/produkt/turmix-just-touch,TURMIX Just Touch,2026-02-17
https://kafemashini.ch/produkt/siemens-surpresso-compact,SIEMENS Surpresso Compact,2026-02-15
https://kafemashini.ch/kafe-mashini/delonghi,DeLonghi Magnifica Esam 3300,2026-02-15
https://kafemashini.ch/kafe-mashini/delonghi,Delonghi 3500,2026-02-15
https://kafemashini.ch/kafe-mashini/delonghi,Delonghi Cappuccino ECAM 23.450,2026-02-15
https://kafemashini.ch/kafe-mashini/delonghi,Delonghi Cappuccino ECAM 25452,2026-02-15
https://kafemashini.ch/kafe-mashini/delonghi,Delonghi ECAM 25.120,2026-02-15
https://kafemashini.ch/kafe-mashini/delonghi,Delonghi ESAM 04.110.B,2026-02-15
https://kafemashini.ch/kafe-mashini/delonghi,Delonghi ESAM 04.350 cappuccino,2026-02-15
https://kafemashini.ch/kafe-mashini/delonghi,Delonghi ESAM 4000,2026-02-15
https://kafemashini.ch/kafe-mashini/delonghi,Delonghi ESAM 4400,2026-02-15
https://kafemashini.ch/kafe-mashini/bosch,BOSCH Benvenuto B30,2026-02-03
https://kafemashini.ch/produkti/page/2,01.SAECO XSMALL,2026-01-30
https://kafemashini.ch/produkti/page/2,03.SAECO ODEA GO,2026-01-30
https://kafemashini.ch/produkti/page/2,04.SAECO Intuita,2026-01-30
https://kafemashini.ch/produkti/page/2,Delonghi 3500,2026-01-30
https://kafemashini.ch/produkti/page/2,Delonghi Cappuccino ECAM 23.450,2026-01-30
https://kafemashini.ch/produkti/page/2,Delonghi Cappuccino ECAM 25452,2026-01-30
https://kafemashini.ch/produkti/page/2,Delonghi ECAM 25.120,2026-01-30
https://kafemashini.ch/produkti/page/2,Delonghi ESAM 04.110.B,2026-01-30
https://kafemashini.ch/produkti/page/2,SAECO Minuto,2026-01-30
https://kafemashini.ch/kafe-mashini/satrap,SATRAP EXCELENTO,2026-01-30
https://kafemashini.ch/kafe-mashini/satrap,SATRAP VA 70,2026-01-30
https://kafemashini.ch/kafe-mashini/rotel,ROTEL CONFORTA DIGITAL,2026-01-24
https://kafemashini.ch/kafe-mashini/solis,SOLIS PALAZZO,2026-01-21
https://kafemashini.ch/kafe-mashini/siemens,SIEMENS Surpresso Compact,2026-01-21
https://kafemashini.ch/kafe-mashini/siemens,SIEMENS Surpresso S40,2026-01-21
https://kafemashini.ch/kafe-mashini/gaggia,Gaggia Accademia,2026-01-03
https://kafemashini.ch/kafe-mashini/gaggia,Gaggia Brera,2026-01-03
https://kafemashini.ch/kafe-mashini/gaggia,Gaggia Platinum,2026-01-03
https://kafemashini.ch/kafe-mashini/gaggia,Gaggia Platinum Swing up,2026-01-03
https://kafemashini.ch/kafe-mashini/gaggia,Gaggia Titanium,2026-01-03
https://kafemashini.ch/kafe-mashini/koenig,KOENIG ARTE 2000,2025-12-30
https://kafemashini.ch/kafe-mashini/drugi-kafe-mashini,FUST PRIMOTECQ,2025-12-16